slug,strokes,outline,major,openings,fine,cov_old,cov_new,outline_pct,max_width_x_median,wide_strokes,paper_strokes,floating_strokes,outline_gaps_over_6pw,ground_early,island_starts,format_ok,fails
albuquerque,567,146,172,219,30,99.67,99.98,97.7,2.41,0,0,0,2,0,0,True,
billings,418,104,101,170,43,99.45,99.99,99.5,2.4,0,0,0,2,0,0,True,
boise,329,150,70,82,27,99.71,100.0,98.7,2.4,0,0,0,3,0,0,True,
bountiful,748,178,210,207,153,99.5,100.0,98.0,2.4,0,0,0,2,0,0,True,
brigham-city,596,122,141,245,88,99.63,100.0,98.6,2.39,0,0,0,2,0,0,True,
burley,382,103,102,135,42,99.72,100.0,98.2,2.4,0,0,0,1,0,0,True,
cedar-city,760,133,167,400,60,99.62,99.92,99.0,2.4,0,0,0,2,0,0,True,
cody,766,133,281,330,22,99.68,100.0,99.3,2.4,0,0,0,4,0,0,True,
deseret-peak,670,138,228,268,36,99.5,99.99,99.4,2.29,0,0,0,1,0,0,True,
draper,497,132,156,159,50,99.72,99.97,99.3,2.4,0,0,0,2,0,0,True,
ephraim,613,154,114,292,53,99.75,100.0,99.3,2.4,0,0,0,1,0,0,True,
heber-valley,656,141,259,190,66,99.7,99.99,99.1,2.4,0,0,0,3,0,0,True,
jordan-river,408,105,138,138,27,99.77,100.0,99.3,2.4,0,0,0,2,0,0,True,
kirtland,883,147,197,441,98,99.57,100.0,99.4,2.4,0,0,1,4,0,10,True,floating x1
layton,587,148,201,177,61,99.77,99.98,98.8,2.41,0,0,0,2,0,1,True,
lehi,552,104,167,203,78,99.73,99.98,99.9,2.4,0,0,0,2,0,0,True,
lindon,567,141,208,151,67,99.8,99.99,98.9,2.4,0,0,0,1,0,0,True,
logan,1423,191,404,671,157,99.63,99.98,99.1,2.4,0,0,0,2,0,0,True,
manhattan,589,106,184,214,85,99.52,99.99,95.9,2.39,0,0,0,2,0,0,True,
manti,1447,227,388,709,123,99.4,99.95,98.4,2.4,0,0,0,3,0,0,True,
mexico-city,616,222,148,218,28,99.67,100.0,98.9,2.4,0,0,0,2,0,0,True,
monticello,421,108,163,121,29,99.73,100.0,99.4,2.28,0,0,0,1,1,0,True,ground-early x1
mount-timpanogos,542,126,105,248,63,99.79,99.96,98.6,2.41,0,0,0,2,2,0,True,ground-early x2
nauvoo,1260,207,283,658,112,99.44,99.94,98.8,2.4,0,0,2,1,0,5,True,floating x2
oakland,517,139,166,187,25,99.6,100.0,99.5,2.4,0,0,0,5,0,0,True,
ogden-original,502,120,183,155,44,99.84,100.0,98.6,2.39,0,0,0,1,2,0,True,ground-early x2
ogden,519,125,192,144,58,99.76,99.99,99.5,2.4,0,0,0,1,0,0,True,
orem,607,114,181,297,15,99.71,99.98,99.5,2.4,0,0,0,0,0,0,True,
provo-city-center,1182,168,303,643,68,99.46,99.99,98.5,2.4,0,0,0,5,0,0,True,
provo-rock-canyon,664,117,215,277,55,99.7,99.99,98.9,2.4,0,0,0,3,0,0,True,
provo,682,109,207,303,63,99.6,100.0,98.9,2.39,0,0,0,3,0,0,True,
red-cliffs,610,175,209,182,44,99.77,99.93,98.7,2.39,0,0,0,4,0,0,True,
rome,524,142,165,163,54,99.7,99.99,99.7,2.4,0,0,0,2,0,0,True,
salt-lake,1219,152,339,572,156,99.54,99.99,94.7,2.4,0,0,0,4,0,0,True,
san-antonio,543,157,113,224,49,99.66,99.98,98.6,2.4,0,0,0,3,0,0,True,
san-diego,586,150,151,220,65,99.76,100.0,98.6,2.4,0,0,0,3,1,0,True,ground-early x1
saratoga-springs,564,115,217,161,71,99.77,99.97,99.1,2.4,0,0,0,2,0,0,True,
smithfield,766,157,228,344,37,99.46,99.94,99.7,2.39,0,0,0,3,0,0,True,
spanish-fork,693,126,249,192,126,99.57,99.94,98.6,2.4,0,0,0,1,0,0,True,
st-george,1299,222,270,677,130,99.58,99.9,98.7,2.4,0,0,0,2,0,0,True,
syracuse,567,138,209,201,19,99.59,100.0,98.3,2.4,0,0,0,5,0,0,True,
taylorsville,849,127,196,443,83,99.6,100.0,98.9,2.4,0,0,0,1,0,0,True,
vernal,1023,170,252,454,147,99.45,99.98,97.3,2.39,0,0,0,5,1,0,True,ground-early x1
washington-d-c,308,124,90,36,58,99.89,99.99,95.1,2.4,0,0,0,1,0,0,True,
west-jordan,447,126,139,110,72,99.75,100.0,98.5,2.41,0,0,0,1,0,0,True,
